<?xml version="1.0" encoding="UTF-8"?>
<project name="opm dependencies">
	
	<fileset id="junit" dir="testlib/junit-4.10">
		<include name="junit-4.10.jar" />
	</fileset>
	
	<fileset id="jackson" dir="lib/jackson-2.2.3">
		<include name="jackson-annotations-2.2.3.jar" />
		<include name="jackson-core-2.2.3.jar" />
		<include name="jackson-databind-2.2.3.jar" />
	</fileset>
	
	<fileset id="hibernate" dir="lib/hibernate-4.2.3">
		<include name="antlr-2.7.7.jar" />
		<include name="dom4j-1.6.1.jar" />
		<include name="ehcache-core-2.4.3.jar" />
		<include name="hibernate-commons-annotations-4.0.2.Final.jar" />
		<include name="hibernate-core-4.2.3.Final.jar" />
		<include name="hibernate-ehcache-4.2.3.Final.jar" />
		<include name="hibernate-entitymanager-4.2.3.Final.jar" />
		<include name="hibernate-jpa-2.0-api-1.0.1.Final.jar" />
		<include name="javassist-3.15.0-GA.jar" />
		<include name="jboss-logging-3.1.0.GA.jar" />
		<include name="jboss-transaction-api_1.1_spec-1.0.1.Final.jar" />
		<include name="org.osgi.core-4.3.1.jar" />
	</fileset>
	
	<fileset id="spring-mvc" dir="lib/spring-3.2.3">
		<include name="aopalliance-1.0.jar" />
		<include name="commons-logging-1.1.1.jar" />
		<include name="spring-aop-3.2.3.RELEASE.jar" />
		<include name="spring-beans-3.2.3.RELEASE.jar" />
		<include name="spring-context-3.2.3.RELEASE.jar" />
		<include name="spring-context-support-3.2.3.RELEASE.jar" />
		<include name="spring-core-3.2.3.RELEASE.jar" />
		<include name="spring-expression-3.2.3.RELEASE.jar" />
		<include name="spring-orm-3.2.3.RELEASE.jar" />
		<include name="spring-tx-3.2.3.RELEASE.jar" />
		<include name="spring-web-3.2.3.RELEASE.jar" />
		<include name="spring-webmvc-3.2.3.RELEASE.jar" />
		<include name="standard-1.1.2.jar" />
	</fileset>
	
	<fileset id="drools" dir="lib/drools-5.5">
		<include name="antlr-2.7.7.jar" />
		<include name="antlr-3.3.jar" />
		<include name="antlr-runtime-3.3.jar" />
		<include name="bcmail-jdk14-138.jar" />
		<include name="bcprov-jdk14-138.jar" />
		<include name="dom4j-1.6.1.jar" />
		<include name="drools-clips-5.5.0.Final.jar" />
		<include name="drools-compiler-5.5.0.Final.jar" />
		<include name="drools-core-5.5.0.Final.jar" />
		<include name="drools-decisiontables-5.5.0.Final.jar" />
		<include name="drools-jsr94-5.5.0.Final.jar" />
		<include name="drools-persistence-jpa-5.5.0.Final.jar" />
		<include name="drools-templates-5.5.0.Final.jar" />
		<include name="drools-verifier-5.5.0.Final.jar" />
		<include name="ecj-3.5.1.jar" />
		<include name="guava-r06.jar" />
		<include name="itext-2.1.2.jar" />
		<include name="javassist-3.14.0-GA.jar" />
		<include name="jsr94-1.1.jar" />
		<include name="jta-1.1.jar" />
		<include name="jxl-2.6.10.jar" />
		<include name="knowledge-api-5.5.0.Final.jar" />
		<include name="knowledge-internal-api-5.5.0.Final.jar" />
		<include name="log4j-1.2.14.jar" />
		<include name="mvel2-2.1.3.Final.jar" />
		<include name="protobuf-java-2.4.1.jar" />
		<include name="slf4j-api-1.6.4.jar" />
		<include name="stringtemplate-3.2.1.jar" />
		<include name="xml-apis-1.3.04.jar" />
		<include name="xmlpull-1.1.3.1.jar" />
		<include name="xpp3_min-1.1.4c.jar" />
		<include name="xstream-1.4.1.jar" />		
	</fileset>
	
	<path id="jboss.eap.runtime">
		<path location="${jboss.home}/modules/system/layers/base/javax/activation/api/main/activation-1.1.1-redhat-2.jar"></path>
		<path location="${jboss.home}/modules/system/layers/base/javax/annotation/api/main/jboss-annotations-api_1.1_spec-1.0.1.Final-redhat-2.jar"></path>
		<path location="${jboss.home}/modules/system/layers/base/javax/ejb/api/main/jboss-ejb-api_3.1_spec-1.0.2.Final-redhat-2.jar"></path>
		<path location="${jboss.home}/modules/system/layers/base/javax/el/api/main/jboss-el-api_2.2_spec-1.0.2.Final-redhat-1.jar"></path>
		<path location="${jboss.home}/modules/system/layers/base/javax/enterprise/api/main/cdi-api-1.0-SP4-redhat-2.jar"></path>
		<path location="${jboss.home}/modules/system/layers/base/javax/enterprise/deploy/api/main/jboss-jad-api_1.2_spec-1.0.1.Final-redhat-2.jar"></path>
		<path location="${jboss.home}/modules/system/layers/base/javax/faces/api/main/jboss-jsf-api_2.1_spec-2.1.19.1.Final-redhat-1.jar"></path>
		<path location="${jboss.home}/modules/system/layers/base/javax/inject/api/main/javax.inject-1-redhat-3.jar"></path>
		<path location="${jboss.home}/modules/system/layers/base/javax/interceptor/api/main/jboss-interceptors-api_1.1_spec-1.0.1.Final-redhat-2.jar"></path>
		<path location="${jboss.home}/modules/system/layers/base/javax/jms/api/main/jboss-jms-api_1.1_spec-1.0.1.Final-redhat-2.jar"></path>
		<path location="${jboss.home}/modules/system/layers/base/javax/jws/api/main/jsr181-api-1.0-MR1-redhat-3.jar"></path>
		<path location="${jboss.home}/modules/system/layers/base/javax/mail/api/main/mail-1.4.5-redhat-1.jar"></path>
		<path location="${jboss.home}/modules/system/layers/base/javax/management/j2ee/api/main/jboss-j2eemgmt-api_1.1_spec-1.0.1.Final-redhat-2.jar"></path>
		<path location="${jboss.home}/modules/system/layers/base/javax/persistence/api/main/hibernate-jpa-2.0-api-1.0.1.Final-redhat-2.jar"></path>
		<path location="${jboss.home}/modules/system/layers/base/javax/resource/api/main/jboss-connector-api_1.6_spec-1.0.1.Final-redhat-2.jar"></path>
		<path location="${jboss.home}/modules/system/layers/base/javax/rmi/api/main/jboss-rmi-api_1.0_spec-1.0.4.Final-redhat-2.jar"></path>
		<path location="${jboss.home}/modules/system/layers/base/javax/security/auth/message/api/main/jboss-jaspi-api_1.0_spec-1.0.1.Final-redhat-2.jar"></path>
		<path location="${jboss.home}/modules/system/layers/base/javax/security/jacc/api/main/jboss-jacc-api_1.4_spec-1.0.2.Final-redhat-2.jar"></path>
		<path location="${jboss.home}/modules/system/layers/base/javax/servlet/api/main/jboss-servlet-api_3.0_spec-1.0.2.Final-redhat-1.jar"></path>
		<path location="${jboss.home}/modules/system/layers/base/javax/servlet/jsp/api/main/jboss-jsp-api_2.2_spec-1.0.1.Final-redhat-2.jar"></path>
		<path location="${jboss.home}/modules/system/layers/base/javax/servlet/jstl/api/main/jboss-jstl-api_1.2_spec-1.0.3.Final-redhat-2.jar"></path>
		<path location="${jboss.home}/modules/system/layers/base/javax/transaction/api/main/jboss-transaction-api_1.1_spec-1.0.1.Final-redhat-2.jar"></path>
		<path location="${jboss.home}/modules/system/layers/base/javax/validation/api/main/validation-api-1.0.0.GA-redhat-2.jar"></path>
		<path location="${jboss.home}/modules/system/layers/base/javax/ws/rs/api/main/jboss-jaxrs-api_1.1_spec-1.0.1.Final-redhat-2.jar"></path>
		<path location="${jboss.home}/modules/system/layers/base/javax/wsdl4j/api/main/wsdl4j-1.6.2-redhat-4.jar"></path>
		<path location="${jboss.home}/modules/system/layers/base/javax/xml/bind/api/main/jboss-jaxb-api_2.2_spec-1.0.4.Final-redhat-2.jar"></path>
		<path location="${jboss.home}/modules/system/layers/base/javax/xml/registry/api/main/jboss-jaxr-api_1.0_spec-1.0.2.Final-redhat-2.jar"></path>
		<path location="${jboss.home}/modules/system/layers/base/javax/xml/rpc/api/main/jboss-jaxrpc-api_1.1_spec-1.0.1.Final-redhat-3.jar"></path>
		<path location="${jboss.home}/modules/system/layers/base/javax/xml/soap/api/main/jboss-saaj-api_1.3_spec-1.0.2.Final-redhat-2.jar"></path>
		<path location="${jboss.home}/modules/system/layers/base/javax/xml/ws/api/main/jboss-jaxws-api_2.2_spec-2.0.1.Final-redhat-2.jar"></path>
		<path location="${jboss.home}/modules/system/layers/base/org/hibernate/validator/main/hibernate-validator-4.3.1.Final-redhat-1.jar"></path>
		<path location="${jboss.home}/modules/system/layers/base/org/picketbox/main/picketbox-4.0.17.Final-redhat-1.jar"></path>
		<path location="${jboss.home}/modules/system/layers/base/org/picketbox/main/picketbox-commons-1.0.0.final-redhat-2.jar"></path>
		<path location="${jboss.home}/modules/system/layers/base/org/picketbox/main/picketbox-infinispan-4.0.17.Final-redhat-1.jar"></path>
		<path location="${jboss.home}/modules/system/layers/base/org/jboss/as/controller-client/main/jboss-as-controller-client-7.2.0.Final-redhat-8.jar"></path>
		<path location="${jboss.home}/modules/system/layers/base/org/jboss/dmr/main/jboss-dmr-1.1.6.Final-redhat-1.jar"></path>
		<path location="${jboss.home}/modules/system/layers/base/org/jboss/logging/main/jboss-logging-3.1.2.GA-redhat-1.jar"></path>
		<path location="${jboss.home}/modules/system/layers/base/org/jboss/resteasy/resteasy-jaxb-provider/main/resteasy-jaxb-provider-2.3.6.Final-redhat-1.jar"></path>
		<path location="${jboss.home}/modules/system/layers/base/org/jboss/resteasy/resteasy-jaxrs/main/async-http-servlet-3.0-2.3.6.Final-redhat-1.jar"></path>
		<path location="${jboss.home}/modules/system/layers/base/org/jboss/resteasy/resteasy-jaxrs/main/resteasy-jaxrs-2.3.6.Final-redhat-1.jar"></path>
		<path location="${jboss.home}/modules/system/layers/base/org/jboss/resteasy/resteasy-multipart-provider/main/resteasy-multipart-provider-2.3.6.Final-redhat-1.jar"></path>
		<path location="${jboss.home}/modules/system/layers/base/org/jboss/ejb3/main/jboss-ejb3-ext-api-2.0.0-redhat-2.jar"></path>
	</path>

    <fileset id="postgresql" dir="lib/postgresql">
        <include name="postgresql-9.2-1003.jdbc4.jar" />
    </fileset>

</project>
