<?xml version="1.0" encoding="UTF-8"?>
<beans xmlns="http://www.springframework.org/schema/beans"
	xmlns:xsi="http://www.w3.org/2001/XMLSchema-instance"
	xmlns:aop="http://www.springframework.org/schema/aop"
	xmlns:context="http://www.springframework.org/schema/context"
	xmlns:jee="http://www.springframework.org/schema/jee"
	xmlns:p="http://www.springframework.org/schema/p"
	xmlns:tx="http://www.springframework.org/schema/tx"
  xmlns:drools="http://drools.org/schema/drools-spring"
	xsi:schemaLocation="http://www.springframework.org/schema/beans http://www.springframework.org/schema/beans/spring-beans-3.0.xsd
		http://www.springframework.org/schema/context http://www.springframework.org/schema/context/spring-context-3.0.xsd
		http://www.springframework.org/schema/jee http://www.springframework.org/schema/jee/spring-jee-3.0.xsd
		http://www.springframework.org/schema/tx http://www.springframework.org/schema/tx/spring-tx-3.0.xsd
    http://drools.org/schema/drools-spring
    http://anonsvn.jboss.org/repos/labs/labs/jbossrules/trunk/drools-container/drools-spring/src/main/resources/org/drools/container/spring/drools-spring-1.0.0.xsd">

  <bean id="logger" class="org.jboss.logging.Logger" factory-method="getLogger">
  	<constructor-arg type="java.lang.String" value="@loggerName@" />
  </bean>
  
  <bean id="postedPendingApprovalStatus" class="gov.opm.scrd.entities.lookup.PaymentStatus">
    <property name="id" value="@postedPendingApprovalStatus.id@" />
    <property name="name" value="@postedPendingApprovalStatus.name@" />
  </bean>
  
  <bean id="redepositPeriodType" class="gov.opm.scrd.entities.lookup.PeriodType">
    <property name="id" value="@redepositPeriodType.id@" />
    <property name="name" value="@redepositPeriodType.name@" />
  </bean>
  <bean id="dedepositPeriodType" class="gov.opm.scrd.entities.lookup.PeriodType">
    <property name="id" value="@dedepositPeriodType.id@" />
    <property name="name" value="@dedepositPeriodType.name@" />
  </bean>
  <bean id="csrsRetirementType" class="gov.opm.scrd.entities.lookup.RetirementType">
    <property name="id" value="@csrsRetirementType.id@" />
    <property name="name" value="@csrsRetirementType.name@" />
  </bean>
  <bean id="dateFormat" class="java.text.SimpleDateFormat">
  	<constructor-arg type="java.lang.String" value="MM/dd/yyyy HH:mm:ss SSS" />
  </bean>
  <bean id="depositTypeChangeDate" class="org.springframework.beans.factory.config.MethodInvokingFactoryBean">
    <property name="targetObject" ref="dateFormat" />
    <property name="targetMethod" value="parse" />
    <property name="arguments">
    	<list>
    		<value>10/01/1982 00:00:00 001</value>
    	</list>
    </property>
  </bean>
  
  <bean id="successCalculationStatus" class="gov.opm.scrd.entities.lookup.CalculationStatus">
    <property name="id" value="@successCalculationStatus.id@" />
    <property name="name" value="@successCalculationStatus.name@" />
  </bean>

  <!-- knowledgeAgent configurations -->
  <drools:kagent id="interestKnowledgeAgent" kbase="interestKnowledgeBase" new-instance="true" />
  <drools:kagent id="deductionKnowledgeAgent" kbase="deductionKnowledgeBase" new-instance="true" />

  <!-- knowledgeBase configurations for interest -->
  <drools:kbase id="interestKnowledgeBase">
    <drools:resources>
      <drools:resource type="CHANGE_SET" source="classpath:interest-change-set.xml" />
    </drools:resources>
  </drools:kbase>
  
  <!-- knowledgeBase configurations for deduction -->
  <drools:kbase id="deductionKnowledgeBase">
    <drools:resources>
      <drools:resource type="CHANGE_SET" source="classpath:deduction-change-set.xml" />
    </drools:resources>
  </drools:kbase>
  
  <!-- InterestCalculationRuleService -->
  <bean id="interestCalculationRuleService" class="gov.opm.scrd.services.impl.InterestCalculationRuleServiceImpl">
    <property name="knowledgeLogFileName" value="@log_dir@/Ineterest" />
    <property name="knowledgeAgent" ref="interestKnowledgeAgent" />
  </bean>
  
  <!-- DeductionCalculationRuleServiceImpl -->
  <bean id="deductionCalculationRuleService" class="gov.opm.scrd.services.impl.DeductionCalculationRuleServiceImpl">
    <property name="knowledgeLogFileName" value="@log_dir@/Deduction" />
    <property name="knowledgeAgent" ref="deductionKnowledgeAgent" />
  </bean>
  
  <bean id="entityManagerFactory"
    class="org.springframework.orm.jpa.LocalEntityManagerFactoryBean" >
    <property name="persistenceUnitName" value="opmUnitName" />
  </bean>

	<context:annotation-config />
	<tx:annotation-driven />    
</beans> 