<?xml version="1.0" encoding="UTF-8"?>
<beans xmlns:xsi="http://www.w3.org/2001/XMLSchema-instance" xmlns="http://www.springframework.org/schema/beans" xmlns:context="http://www.springframework.org/schema/context"
    xmlns:util="http://www.springframework.org/schema/util"
    xsi:schemaLocation="
       http://www.springframework.org/schema/beans  
       http://www.springframework.org/schema/beans/spring-beans.xsd
       http://www.springframework.org/schema/context 
       http://www.springframework.org/schema/context/spring-context.xsd
       http://www.springframework.org/schema/util
       http://www.springframework.org/schema/util/spring-util.xsd">

    <context:property-placeholder location="file:build.properties" file-encoding="UTF-8" />


    <bean id="FileAccessService" class="gov.opm.scrd.services.impl.FileAccessServiceImpl" />
    <bean id="LockboxFileService" class="gov.opm.scrd.services.impl.MockLockboxFileServiceImpl" />
    <bean id="GeneralLedgerFileService" class="gov.opm.scrd.services.impl.GeneralLedgerFileServiceImpl" />

    <bean id="lockboxFileInputDirectory" class="java.lang.String">
        <constructor-arg value="${lockbox.file.input.directory}" />
    </bean>

    <bean id="lockboxInputFileName" class="java.lang.String">
        <constructor-arg value="${lockbox.input.file.name}" />
    </bean>

    <bean id="generalLedgerFileOutputDirectory" class="java.lang.String">
        <constructor-arg value="${general.ledger.file.output.directory}" />
    </bean>

    <bean id="generatedGLFilesSerializationFile" class="java.lang.String">
        <constructor-arg value="${generated.glfiles.serialization.file}" />
    </bean>

    <util:list id="mockGeneralLedgerRecords" value-type="gov.opm.scrd.entities.application.GeneralLedgerRecord" list-class="java.util.ArrayList">
        <bean class="gov.opm.scrd.entities.application.GeneralLedgerRecord">
            <property name="accountingCode" value="AccountCode" />
            <property name="feederSystemId" value="SCBS" />
            <property name="fiscalYear" value="3000" />
            <property name="generalLedgerCode" value="GLC" />
            <property name="paymentDate">
                <bean factory-bean="dateFormat" factory-method="parse">
                    <constructor-arg value="2013274" />
                </bean>
            </property>
            <property name="receiptAmount" value="333" />
            <property name="revenueSourceCode" value="RSC1" />
        </bean>
    </util:list>

    <bean id="dateFormat" class="java.text.SimpleDateFormat">
        <constructor-arg value="yyyyDDD" />
    </bean>

</beans>