<?xml version="1.0" encoding="UTF-8"?>
<application id="Application_ID" version="6"
    xmlns="http://java.sun.com/xml/ns/javaee" xmlns:xsi="http://www.w3.org/2001/XMLSchema-instance"
    xsi:schemaLocation="http://java.sun.com/xml/ns/javaee http://java.sun.com/xml/ns/javaee/application_6.xsd">

    <display-name>opm</display-name>

	<module>
    	<ejb>opm-scrd-ejb.jar</ejb>
	</module>
    <module>
        <web>
            <web-uri>opm-scrd-web.war</web-uri>
            <context-root>/scrd</context-root>
        </web>
    </module>
</application> 