<?xml version="1.0" encoding="UTF-8"?>
<datasources xmlns="http://www.jboss.org/ironjacamar/schema"
    xmlns:xsi="http://www.w3.org/2001/XMLSchema-instance"
    xsi:schemaLocation="http://www.jboss.org/ironjacamar/schema http://docs.jboss.org/ironjacamar/schema/datasources_1_0.xsd">
    <datasource jndi-name="java:jboss/datasources/ServletSecurityDS"
        pool-name="servlet-security" enabled="true" use-java-context="true">
        <connection-url>jdbc:h2:mem:servlet-security;DB_CLOSE_ON_EXIT=FALSE</connection-url>
        <driver>h2</driver>
        <security>
            <user-name>sa</user-name>
            <password>sa</password>
        </security>
    </datasource>
</datasources>