<?xml version="1.0" encoding="UTF-8"?>
<entity-mappings version="2.0"
	xmlns="http://java.sun.com/xml/ns/persistence/orm" xmlns:xsi="http://www.w3.org/2001/XMLSchema-instance"
	xsi:schemaLocation="http://java.sun.com/xml/ns/persistence/orm http://java.sun.com/xml/ns/persistence/orm_2_0.xsd">

	<mapped-superclass class="gov.opm.scrd.entities.common.IdentifiableEntity" >
		<attributes>
			<id name="id">
				<column name="id" />
				<generated-value strategy="IDENTITY" />
			</id>
			<basic name="deleted">
				<column name="deleted" nullable="false" />
			</basic>
		</attributes>
	</mapped-superclass>
	
	<mapped-superclass class="gov.opm.scrd.entities.common.NamedEntity">
		<attributes>
			<basic name="name">
				<column name="name" length="200"/>
			</basic>
		</attributes>
	</mapped-superclass>
	
	<entity class="gov.opm.scrd.entities.application.Account">
		<attributes>
			<basic name="claimNumber">
				<column name="claim_no" nullable="true" />
			</basic>
			<basic name="claimOfficer">
				<column name="claim_officer" nullable="true" length="200" />
			</basic>
			<basic name="claimOfficerAssignmentDate">
				<column name="claim_officer_assignment_dt" nullable="true" />
			</basic>
			<basic name="returnedFromRecordsDate">
				<column name="ret_from_records_dt" nullable="true" />
			</basic>
			<basic name="frozen">
				<column name="frozen_ind" />
			</basic>
			<basic name="grace">
				<column name="grace_ind" />
			</basic>
			<many-to-one name="planType"
				target-entity="gov.opm.scrd.entities.lookup.RetirementType"
				optional="true">
			</many-to-one>
			<many-to-one name="formType" target-entity="gov.opm.scrd.entities.lookup.FormType"
				optional="true">
			</many-to-one>
			<many-to-one name="status"
				target-entity="gov.opm.scrd.entities.lookup.AccountStatus" optional="true">
			</many-to-one>
		</attributes>
	</entity>
	
	<entity class="gov.opm.scrd.entities.lookup.AccountStatus"></entity>
	<entity class="gov.opm.scrd.entities.lookup.RetirementType"></entity>
	<entity class="gov.opm.scrd.entities.lookup.FormType"></entity>
    <entity  class="gov.opm.scrd.entities.lookup.PeriodType"></entity>
    <entity  class="gov.opm.scrd.entities.lookup.AppointmentType"></entity>
    <entity  class="gov.opm.scrd.entities.lookup.ServiceType"></entity>    

</entity-mappings>
