<?xml version="1.0" encoding="UTF-8" ?>
<entity-mappings xmlns="http://java.sun.com/xml/ns/persistence/orm"
    xmlns:xsi="http://www.w3.org/2001/XMLSchema-instance"
    xsi:schemaLocation="http://java.sun.com/xml/ns/persistence/orm http://java.sun.com/xml/ns/persistence/orm_2_0.xsd"
    version="1.0">
    
    <entity class="gov.opm.scrd.entities.application.Payment">
        <table name="payment" />
        <attributes>
            <id name="id">
                <column name="id" />
            </id>
            <basic name="batchNumber">
                <column name="batch_number" />
            </basic>
            <basic name="blockNumber">
                <column name="block_number" />
            </basic>
            <!-- Other attributes goes here -->
        </attributes>
    </entity>
    
    <entity class="gov.opm.scrd.entities.application.Account">
        <table name="Account" />
        <attributes>
            <id name="id">
                <column name="id" />
            </id>
            <basic name="claimNumber">
                <column name="claim_number" />
            </basic>
            <basic name="planType">
                <column name="plan_type" />
            </basic>
            <!-- Other basic columns are mapped in the same manner -->
            <!-- One-to-many relationship example -->
            <one-to-many name="paymentHistory" target-entity="gov.opm.scrd.entities.application.Payment" fetch="lazy"/>
        </attributes>
    </entity>

    <!-- Class with element collection -->
    <entity class="gov.opm.scrd.entities.application.Notification">
        <table name="Request" />
        <attributes>
            <id name="id">
                <column name="id" />
            </id>
            <!-- Many-to-one relationship example -->
            <element-collection name="readBy" target-entity="java.lang.String" />
        </attributes>
    </entity>
    
</entity-mappings>
