<?xml version="1.0" encoding="UTF-8"?>
<entity-mappings version="2.0"
	xmlns="http://java.sun.com/xml/ns/persistence/orm" xmlns:xsi="http://www.w3.org/2001/XMLSchema-instance"
	xsi:schemaLocation="http://java.sun.com/xml/ns/persistence/orm http://java.sun.com/xml/ns/persistence/orm_2_0.xsd">

    <persistence-unit-metadata>
      <persistence-unit-defaults>
        <schema>opm</schema>
      </persistence-unit-defaults>
    </persistence-unit-metadata>

	<mapped-superclass class="gov.opm.scrd.entities.common.IdentifiableEntity" >
		<attributes>
			<id name="id">
				<column name="id" nullable="false" />
				<generated-value strategy="IDENTITY" />
			</id>
			<basic name="deleted">
				<column name="deleted" nullable="false" />
			</basic>
		</attributes>
	</mapped-superclass>

	<mapped-superclass class="gov.opm.scrd.entities.common.NamedEntity">
		<attributes>
			<basic name="name">
				<column name="name" nullable="false" length="128"/>
			</basic>
		</attributes>
	</mapped-superclass>

    <mapped-superclass class="gov.opm.scrd.entities.application.ServiceAnnouncement">
        <attributes>
            <basic name="date">
                <column name="date" nullable="false"/>
            </basic>
            <basic name="details">
                <column name="details" nullable="false"/>
            </basic>
        </attributes>
    </mapped-superclass>

	<entity class="gov.opm.scrd.entities.lookup.FormType" cacheable="true">
	    <table name="form_type"/>
	</entity>

    <entity class="gov.opm.scrd.entities.lookup.Suffix" cacheable="true">
        <table name="suffix"/>
    </entity>

    <entity class="gov.opm.scrd.entities.lookup.PeriodType" cacheable="true">
        <table name="period_type"/>
    </entity>

    <entity class="gov.opm.scrd.entities.lookup.State" cacheable="true">
        <table name="state"/>
    </entity>

    <entity class="gov.opm.scrd.entities.lookup.Country" cacheable="true">
        <table name="country"/>
    </entity>

    <entity class="gov.opm.scrd.entities.lookup.AccountStatus" cacheable="true">
        <table name="account_status"/>
    </entity>

    <entity class="gov.opm.scrd.entities.lookup.RetirementType" cacheable="true">
        <table name="retirement_type"/>
    </entity>

    <entity class="gov.opm.scrd.entities.lookup.ServiceType" cacheable="true">
        <table name="service_type"/>
    </entity>

    <entity class="gov.opm.scrd.entities.lookup.Role" cacheable="true">
        <table name="role"/>
    </entity>

    <entity class="gov.opm.scrd.entities.lookup.AppointmentType" cacheable="true">
        <table name="appointment_type"/>
    </entity>

    <entity class="gov.opm.scrd.entities.lookup.PayType" cacheable="true">
        <table name="pay_type"/>
    </entity>

    <entity class="gov.opm.scrd.entities.lookup.PaymentReversalReason">
        <table name="payment_reversal_reason"/>
    </entity>

    <entity class="gov.opm.scrd.entities.lookup.ApplicationDesignation">
        <table name="application_designation"/>
    </entity>

    <entity class="gov.opm.scrd.entities.lookup.PaymentStatus">
        <table name="payment_status"/>
    </entity>

    <entity class="gov.opm.scrd.entities.lookup.ClaimOfficer">
        <table name="claim_officer"/>
    </entity>

    <entity class="gov.opm.scrd.entities.lookup.UserStatus">
        <table name="user_status"/>
    </entity>

    <entity class="gov.opm.scrd.entities.lookup.TransferType">
        <table name="transfer_type"/>
    </entity>

    <entity class="gov.opm.scrd.entities.lookup.CalculationStatus">
        <table name="calculation_status"/>
    </entity>

    <entity class="gov.opm.scrd.entities.application.User">
        <table name="app_user"/>
        <attributes>
            <basic name="username">
                <column name="username" nullable="false" length="120"/>
            </basic>
            <basic name="defaultTab">
                <column name="default_tab" nullable="true" length="32"/>
                <enumerated>STRING</enumerated>
            </basic>
            <basic name="networkId">
                <column name="network_id" nullable="false" length="128"/>
            </basic>
            <basic name="firstName">
                <column name="first_name" nullable="false" length="128"/>
            </basic>
            <basic name="lastName">
                <column name="last_name" nullable="false" length="128"/>
            </basic>
            <basic name="email">
                <column name="email" nullable="false" length="128"/>
            </basic>
            <basic name="telephone">
                <column name="telephone" nullable="true" length="128"/>
            </basic>
            <many-to-one name="role" target-entity="gov.opm.scrd.entities.lookup.Role" fetch="LAZY">
                <join-column name="role_id" referenced-column-name="id" nullable="false" />
            </many-to-one>
            <many-to-one name="status" target-entity="gov.opm.scrd.entities.lookup.UserStatus" fetch="LAZY">
                <join-column name="user_status_id" referenced-column-name="id" nullable="false" />
            </many-to-one>
            <many-to-one name="supervisor" target-entity="gov.opm.scrd.entities.application.User" fetch="LAZY">
                <join-column name="supervisor_id" referenced-column-name="id" nullable="true" />
            </many-to-one>
        </attributes>
    </entity>

    <entity class="gov.opm.scrd.entities.application.UserPermission" cacheable="true">
        <table name="user_permission"/>
        <attributes>
            <basic name="username">
                <column name="username" nullable="true" length="120"/>
            </basic>
            <basic name="action">
                <column name="action" nullable="true" length="120"/>
            </basic>
        </attributes>
    </entity>

    <entity class="gov.opm.scrd.entities.application.RolePermission" cacheable="true">
        <table name="role_permission"/>
        <attributes>
            <basic name="role">
                <column name="rolename" nullable="true" length="128"/>
            </basic>
            <basic name="action">
                <column name="action" nullable="true" length="128"/>
            </basic>
        </attributes>
    </entity>

    <entity class="gov.opm.scrd.entities.application.Notification">
        <table name="notification"/>
        <attributes>
            <basic name="sender">
                <column name="sender" nullable="false" length="128"/>
            </basic>
            <basic name="read">
                <column name="read" nullable="false"/>
            </basic>
            <basic name="recipient">
                <column name="recipient" nullable="true" length="128"/>
            </basic>
            <many-to-one name="role" target-entity="gov.opm.scrd.entities.lookup.Role" fetch="LAZY">
                <join-column name="recipient_role_id" referenced-column-name="id" nullable="false" />
            </many-to-one>
            <element-collection name="readBy">
                <column name="value"/>
                <collection-table name="notification_READBY">
                    <join-column name="notification_id"/>
                </collection-table>
            </element-collection>
        </attributes>
    </entity>

    <entity class="gov.opm.scrd.entities.application.Error">
        <table name="error"/>
    </entity>

    <entity class="gov.opm.scrd.entities.application.Info">
        <table name="info"/>
    </entity>

    <entity class="gov.opm.scrd.entities.application.ServiceCreditPreference" cacheable="true">
        <table name="service_credit_preference"/>
        <attributes>
            <basic name="useAgents">
                <column name="use_agents" nullable="false"/>
            </basic>
            <basic name="useStatusBar">
                <column name="use_status_bar" nullable="false"/>
            </basic>
            <basic name="useMessageBox">
                <column name="use_message_box" nullable="false"/>
            </basic>
            <basic name="otherSetting">
                <column name="other" nullable="false" length="128"/>
            </basic>
        </attributes>
    </entity>

    <entity class="gov.opm.scrd.entities.application.Printout" cacheable="true">
        <table name="printout"/>
        <attributes>
            <basic name="name">
                <column name="name" nullable="false" length="128"/>
            </basic>
            <basic name="printDate">
                <column name="print_date" nullable="false"/>
            </basic>
            <basic name="content">
                <column name="content" nullable="true"/>
            </basic>
        </attributes>
    </entity>

    <entity class="gov.opm.scrd.entities.application.HelpItem">
        <table name="help_item"/>
        <attributes>
            <basic name="title">
                <column name="title" nullable="false" length="120"/>
            </basic>
            <basic name="summary">
                <column name="summary" nullable="false"/>
            </basic>
            <basic name="content">
                <column name="content" nullable="false"/>
            </basic>
            <one-to-many name="related" target-entity="gov.opm.scrd.entities.application.HelpItem" fetch="LAZY">
                <join-table name="related_help_items">
                    <join-column name="help_item_id1" referenced-column-name="id"/>
                    <inverse-join-column name="help_item_id2" referenced-column-name="id"/>
                 </join-table>
            </one-to-many>
        </attributes>
    </entity>

    <entity class="gov.opm.scrd.entities.application.AuditParameterRecord">
        <table name="audit_parameter_record"/>
        <attributes>
            <basic name="itemId">
                <column name="item_id" nullable="false"/>
            </basic>
            <basic name="itemType">
                <column name="item_type" nullable="false" length="128"/>
            </basic>
            <basic name="propertyName">
                <column name="property_name" nullable="false" length="128"/>
            </basic>
            <basic name="previousValue">
                <column name="previous_value" nullable="false" length="128"/>
            </basic>
            <basic name="newValue">
                <column name="new_value" nullable="false" length="128"/>
            </basic>
        </attributes>
    </entity>

    <entity class="gov.opm.scrd.entities.application.AuditRecord">
        <table name="audit_record"/>
        <attributes>
            <basic name="username">
                <column name="username" nullable="false" length="120"/>
            </basic>
            <basic name="ipAddress">
                <column name="ip_address" nullable="false" length="120"/>
            </basic>
            <basic name="actionName">
                <column name="action" nullable="false" length="120"/>
            </basic>
            <basic name="date">
                <column name="date" nullable="false"/>
            </basic>
            <one-to-many name="parameters" target-entity="gov.opm.scrd.entities.application.AuditParameterRecord" fetch="LAZY">
                <join-column name="audit_record_id" referenced-column-name="id" nullable="false" />
                <cascade>
                  <cascade-all/>
                </cascade>
            </one-to-many>
        </attributes>
    </entity>

    <entity class="gov.opm.scrd.entities.application.AccountNote">
        <table name="account_note"/>
        <attributes>
            <basic name="date">
                <column name="date" nullable="false"/>
            </basic>
            <basic name="writer">
                <column name="writer" nullable="false" length="120"/>
            </basic>
            <basic name="text">
                <column name="text" nullable="false"/>
            </basic>
            <basic name="accountId">
                <column name="account_id" nullable="true"/>
            </basic>
        </attributes>
    </entity>

    <entity class="gov.opm.scrd.entities.application.Address">
        <table name="address"/>
        <attributes>
            <basic name="street1">
                <column name="street1" nullable="false" length="128"/>
            </basic>
            <basic name="street2">
                <column name="street2" nullable="true" length="128"/>
            </basic>
            <basic name="street3">
                <column name="street3" nullable="true" length="128"/>
            </basic>
            <basic name="street4">
                <column name="street4" nullable="true" length="128"/>
            </basic>
            <basic name="street5">
                <column name="street5" nullable="true" length="128"/>
            </basic>
            <basic name="city">
                <column name="city" nullable="false" length="128"/>
            </basic>
            <basic name="zipCode">
                <column name="zip_code" nullable="false" length="128"/>
            </basic>
            <many-to-one name="state" target-entity="gov.opm.scrd.entities.lookup.State" fetch="LAZY">
                <join-column name="state_id" referenced-column-name="id" nullable="false" />
            </many-to-one>
            <many-to-one name="country" target-entity="gov.opm.scrd.entities.lookup.Country" fetch="LAZY">
                <join-column name="country_id" referenced-column-name="id" nullable="false" />
            </many-to-one>
        </attributes>
    </entity>

    <entity class="gov.opm.scrd.entities.application.AccountHolder">
        <table name="account_holder"/>
        <attributes>
            <basic name="lastName">
                <column name="last_name" nullable="false" length="128"/>
            </basic>
            <basic name="firstName">
                <column name="first_name" nullable="false" length="128"/>
            </basic>
            <basic name="middleInitial">
                <column name="middle_initial" nullable="true" length="128"/>
            </basic>
            <basic name="birthDate">
                <column name="birth_date" nullable="false"/>
            </basic>
            <basic name="ssn">
                <column name="ssn" nullable="false" length="128"/>
            </basic>
            <basic name="telephone">
                <column name="telephone" nullable="true" length="128"/>
            </basic>
            <basic name="email">
                <column name="email" nullable="false" length="128"/>
            </basic>
            <basic name="title">
                <column name="title" nullable="true" length="128"/>
            </basic>
            <basic name="departmentCode">
                <column name="department_code" nullable="true" length="128"/>
            </basic>
            <basic name="geoCode">
                <column name="geo_code" nullable="true" length="128"/>
            </basic>
            <basic name="cityOfEmployment">
                <column name="city_of_employment" nullable="false" length="128"/>
            </basic>
            <many-to-one name="suffix" target-entity="gov.opm.scrd.entities.lookup.Suffix" fetch="LAZY">
                <join-column name="suffix_id" referenced-column-name="id" nullable="false" />
            </many-to-one>
            <many-to-one name="stateOfEmployment" target-entity="gov.opm.scrd.entities.lookup.State" fetch="LAZY">
                <join-column name="state_of_employment_id" referenced-column-name="id" nullable="false" />
            </many-to-one>
            <one-to-one name="address" target-entity="gov.opm.scrd.entities.application.Address" fetch="LAZY">
                <join-column name="address_id" referenced-column-name="id" />
                <cascade>
                  <cascade-all/>
                </cascade>
            </one-to-one>
        </attributes>
    </entity>

    <entity class="gov.opm.scrd.entities.application.Billing">
        <table name="billing"/>
        <attributes>
            <basic name="name">
                <column name="name" nullable="false" length="128"/>
            </basic>
            <basic name="initialBilling">
                <column name="initial_billing" nullable="false"/>
            </basic>
            <basic name="additionalInterest">
                <column name="additional_interest" nullable="false"/>
            </basic>
            <basic name="totalPayments">
                <column name="total_payments" nullable="false"/>
            </basic>
            <basic name="balance">
                <column name="balance" nullable="false" length="128"/>
            </basic>
            <basic name="paymentOrder">
                <column name="payment_order" nullable="false"/>
            </basic>
        </attributes>
    </entity>

    <entity class="gov.opm.scrd.entities.application.BillingSummary">
        <table name="billing_summary"/>
        <attributes>
            <basic name="computedDate">
                <column name="computed_date" nullable="false"/>
            </basic>
            <basic name="lastDepositDate">
                <column name="last_deposit_date" nullable="true"/>
            </basic>
            <basic name="firstBillingDate">
                <column name="first_billing_date" nullable="false"/>
            </basic>
            <basic name="lastInterestCalculation">
                <column name="last_interest_calculation" nullable="false"/>
            </basic>
            <basic name="transactionType">
                <column name="transaction_type" nullable="false" length="128"/>
            </basic>
            <basic name="lastTransactionDate">
                <column name="last_transaction_date" nullable="false"/>
            </basic>
            <basic name="stopACHPayments">
                <column name="stop_ach_payments" nullable="true"/>
            </basic>
            <one-to-many name="billings" target-entity="gov.opm.scrd.entities.application.Billing" fetch="LAZY">
                <join-column name="billing_summary_id" referenced-column-name="id" nullable="false" />
                <cascade>
                  <cascade-all/>
                </cascade>
            </one-to-many>
        </attributes>
    </entity>

    <entity class="gov.opm.scrd.entities.application.Account">
        <table name="account"/>
        <attributes>
            <basic name="claimNumber">
                <column name="claim_number" nullable="false" length="128"/>
            </basic>
            <basic name="planType">
                <column name="plan_type" nullable="false" length="128"/>
            </basic>
            <basic name="grace">
                <column name="grace" nullable="false"/>
            </basic>
            <basic name="frozen">
                <column name="frozen" nullable="false"/>
            </basic>
            <basic name="claimOfficer">
                <column name="claim_officer" nullable="true" length="128"/>
            </basic>
            <basic name="claimOfficerAssignmentDate">
                <column name="claim_officer_assignment_date" nullable="true"/>
            </basic>
            <basic name="claimantBirthdate">
                <column name="claimant_birthdate" nullable="true"/>
            </basic>
            <basic name="balance">
                <column name="balance" nullable="true"/>
            </basic>
            <basic name="returnedFromRecordsDate">
                <column name="returned_from_record_date" nullable="false"/>
            </basic>
            <many-to-one name="formType" target-entity="gov.opm.scrd.entities.lookup.FormType">
                <join-column name="form_type_id" referenced-column-name="id" nullable="false" />
            </many-to-one>
            <many-to-one name="holder" target-entity="gov.opm.scrd.entities.application.AccountHolder">
                <join-column name="account_holder_id" referenced-column-name="id" nullable="false" />
            </many-to-one>
            <many-to-one name="status" target-entity="gov.opm.scrd.entities.lookup.AccountStatus">
                <join-column name="account_status_id" referenced-column-name="id" nullable="false" />
            </many-to-one>
            <one-to-many name="fersDepositCalculationVersions" target-entity="gov.opm.scrd.entities.application.CalculationVersion" fetch="LAZY">
                <join-table name="fers_deposit">
                    <join-column name="account_id" referenced-column-name="id"/>
                    <inverse-join-column name="calculation_version_id" referenced-column-name="id"/>
                </join-table>
                <cascade>
                  <cascade-all/>
                </cascade>
            </one-to-many>
            <one-to-many name="fersRedepositCalculationVersions" target-entity="gov.opm.scrd.entities.application.CalculationVersion" fetch="LAZY">
                <join-table name="fers_redeposit">
                    <join-column name="account_id" referenced-column-name="id"/>
                    <inverse-join-column name="calculation_version_id" referenced-column-name="id"/>
                </join-table>
                <cascade>
                  <cascade-all/>
                </cascade>
            </one-to-many>
            <one-to-many name="notes" target-entity="gov.opm.scrd.entities.application.AccountNote" fetch="LAZY">
                <join-column name="account_id" referenced-column-name="id"/>
            </one-to-many>
            <one-to-many name="paymentHistory" target-entity="gov.opm.scrd.entities.application.Payment" fetch="LAZY">
                <join-column name="account_id" referenced-column-name="id" nullable="true" />
            </one-to-many>
            <one-to-one name="billingSummary" target-entity="gov.opm.scrd.entities.application.BillingSummary" fetch="LAZY">
                <join-column name="billing_summary_id" referenced-column-name="id" />
                <cascade>
                  <cascade-all/>
                </cascade>
            </one-to-one>
            <one-to-one name="validity" target-entity="gov.opm.scrd.entities.application.AccountConfirmationValidation" fetch="LAZY">
                <join-column name="account_confirmation_validation_id" referenced-column-name="id" />
            </one-to-one>
        </attributes>
    </entity>

    <entity class="gov.opm.scrd.entities.application.Payment">
        <table name="payment"/>
        <attributes>
            <basic name="batchNumber">
                <column name="batch_number" nullable="false" length="128"/>
            </basic>
            <basic name="blockNumber">
                <column name="block_number" nullable="false" length="128"/>
            </basic>
            <basic name="sequenceNumber">
                <column name="sequence_number" nullable="false" length="128"/>
            </basic>
            <basic name="claimNumber">
                <column name="claim_number" nullable="true" length="128"/>
            </basic>
            <basic name="accountHolderBirthdate">
                <column name="account_holder_birthdate" nullable="true"/>
            </basic>
            <basic name="depositDate">
                <column name="deposit_date" nullable="false"/>
            </basic>
            <basic name="amount">
                <column name="amount" nullable="false"/>
            </basic>
            <basic name="ssn">
                <column name="ssn" nullable="false" length="128"/>
            </basic>
            <basic name="claimant">
                <column name="claimant" nullable="true" length="128"/>
            </basic>
            <basic name="claimantBirthdate">
                <column name="claimant_birthday" nullable="true"/>
            </basic>
            <basic name="importId">
                <column name="import_id" nullable="false" length="128"/>
            </basic>
            <basic name="sequence">
                <column name="sequence" nullable="false"/>
            </basic>
            <basic name="transactionDate">
                <column name="transaction_date" nullable="false"/>
            </basic>
            <basic name="statusDate">
                <column name="status_date" nullable="false"/>
            </basic>
            <basic name="applyToGL">
                <column name="apply_to_gl" nullable="false"/>
            </basic>
            <basic name="note">
                <column name="note" nullable="false" length="1024"/>
            </basic>
            <basic name="transactionKey">
                <column name="transaction_key" nullable="false" length="128"/>
            </basic>
            <basic name="ach">
                <column name="ach" nullable="true"/>
            </basic>
            <basic name="accountBalance">
                <column name="account_balance" nullable="true"/>
            </basic>
            <basic name="masterClaimNumber">
                <column name="master_claim_number" nullable="true" length="128"/>
            </basic>
            <basic name="masterClaimantBirthdate">
                <column name="master_claimant_birthday" nullable="true"/>
            </basic>
            <basic name="masterAccountBalance">
                <column name="master_account_balance" nullable="true"/>
            </basic>
            <basic name="masterAccountId">
                <column name="master_account_id" nullable="true"/>
            </basic>
            <basic name="preDepositAmount">
                <column name="pre_deposit_amount" nullable="true"/>
            </basic>
            <basic name="preRedepositAmount">
                <column name="pre_redeposit_amount" nullable="true"/>
            </basic>
            <basic name="postDepositAmount">
                <column name="post_deposit_amount" nullable="true"/>
            </basic>
            <basic name="postRedepositAmount">
                <column name="post_redeposit_amount" nullable="true"/>
            </basic>
            <basic name="approvalUser">
                <column name="approval_user" nullable="false" length="128"/>
            </basic>
            <basic name="approvalStatus">
                <column name="approval_status" nullable="false" length="128"/>
                <enumerated>STRING</enumerated>
            </basic>
            <basic name="approvalReason">
                <column name="approval_reason" nullable="true" length="128"/>
            </basic>
            <basic name="paymentType">
                <column name="payment_type" nullable="false" length="128"/>
                <enumerated>STRING</enumerated>
            </basic>
            <basic name="accountId">
                <column name="account_id" nullable="true"/>
            </basic>
            <many-to-one name="paymentStatus" target-entity="gov.opm.scrd.entities.lookup.PaymentStatus" fetch="LAZY">
                <join-column name="payment_status_id" referenced-column-name="id" nullable="false" />
            </many-to-one>
            <many-to-one name="applyTo" target-entity="gov.opm.scrd.entities.lookup.ApplicationDesignation" fetch="LAZY">
                <join-column name="apply_designation_id" referenced-column-name="id" nullable="false" />
            </many-to-one>
            <many-to-one name="accountStatus" target-entity="gov.opm.scrd.entities.lookup.AccountStatus" fetch="LAZY">
                <join-column name="account_status_id" referenced-column-name="id" nullable="true" />
            </many-to-one>
            <many-to-one name="masterAccountStatus" target-entity="gov.opm.scrd.entities.lookup.AccountStatus" fetch="LAZY">
                <join-column name="master_account_status_id" referenced-column-name="id" nullable="false" />
            </many-to-one>
        </attributes>
    </entity>

    <entity class="gov.opm.scrd.entities.application.CalculationVersion">
        <table name="calculation_version"/>
        <attributes>
            <basic name="name">
                <column name="name" nullable="false" length="128"/>
            </basic>
            <basic name="calculationDate">
                <column name="calculation_date" nullable="false"/>
            </basic>
            <one-to-many name="calculations" target-entity="gov.opm.scrd.entities.application.Calculation" fetch="LAZY">
                <join-column name="calculation_version_id" referenced-column-name="id" nullable="false" />
                <cascade>
                  <cascade-all/>
                </cascade>
            </one-to-many>
            <one-to-one name="calculationResult" target-entity="gov.opm.scrd.entities.application.CalculationResult" fetch="LAZY">
                <join-column name="calculation_result_id" referenced-column-name="id" nullable="true" />
                <cascade>
                  <cascade-all/>
                </cascade>
            </one-to-one>
        </attributes>
    </entity>

    <entity class="gov.opm.scrd.entities.application.Calculation">
        <table name="calculation"/>
        <attributes>
            <basic name="beginDate">
                <column name="begin_date" nullable="false"/>
            </basic>
            <basic name="endDate">
                <column name="end_date" nullable="false"/>
            </basic>
            <basic name="amount">
                <column name="amount" nullable="false"/>
            </basic>
            <many-to-one name="retirementType" target-entity="gov.opm.scrd.entities.lookup.RetirementType" fetch="LAZY">
                <join-column name="retirement_type_id" referenced-column-name="id" nullable="false" />
            </many-to-one>
            <many-to-one name="periodType" target-entity="gov.opm.scrd.entities.lookup.PeriodType" fetch="LAZY">
                <join-column name="period_type_id" referenced-column-name="id" nullable="false" />
            </many-to-one>
            <many-to-one name="appointmentType" target-entity="gov.opm.scrd.entities.lookup.AppointmentType" fetch="LAZY">
                <join-column name="appointment_type_id" referenced-column-name="id" nullable="false" />
            </many-to-one>
            <many-to-one name="serviceType" target-entity="gov.opm.scrd.entities.lookup.ServiceType" fetch="LAZY">
                <join-column name="service_type_id" referenced-column-name="id" nullable="false" />
            </many-to-one>
            <many-to-one name="payType" target-entity="gov.opm.scrd.entities.lookup.PayType" fetch="LAZY">
                <join-column name="pay_type_id" referenced-column-name="id" nullable="false" />
            </many-to-one>
        </attributes>
    </entity>

    <entity class="gov.opm.scrd.entities.application.CalculationResult">
        <table name="calculation_result"/>
        <attributes>
            <basic name="official">
                <column name="official" nullable="true"/>
            </basic>
            <basic name="applyToRealPayments">
                <column name="apply_to_real_payment" nullable="true"/>
            </basic>
            <many-to-one name="calculationStatus" target-entity="gov.opm.scrd.entities.lookup.CalculationStatus" fetch="LAZY">
                <join-column name="calculation_status_id" referenced-column-name="id" nullable="false" />
            </many-to-one>
            <one-to-many name="items" target-entity="gov.opm.scrd.entities.application.CalculationResultItem" fetch="LAZY">
                <join-column name="calculation_result_id" referenced-column-name="id" nullable="false" />
                <cascade>
                  <cascade-all/>
                </cascade>
            </one-to-many>
            <one-to-many name="redeposits" target-entity="gov.opm.scrd.entities.application.Redeposit" fetch="LAZY">
                <join-column name="calculation_result_id" referenced-column-name="id"/>
                <cascade>
                  <cascade-all/>
                </cascade>
            </one-to-many>
            <one-to-many name="dedeposits" target-entity="gov.opm.scrd.entities.application.Dedeposit" fetch="LAZY">
                <join-column name="calculation_result_id" referenced-column-name="id"/>
                <cascade>
                  <cascade-all/>
                </cascade>
            </one-to-many>
            <one-to-one name="summary" target-entity="gov.opm.scrd.entities.application.SummaryData" fetch="LAZY">
                <join-column name="summary_data_id" referenced-column-name="id" nullable="true" />
                <cascade>
                  <cascade-all/>
                </cascade>
            </one-to-one>
        </attributes>
    </entity>

    <entity class="gov.opm.scrd.entities.application.CalculationResultItem">
        <table name="calculation_result_item"/>
        <attributes>
            <basic name="startDate">
                <column name="start_date" nullable="false"/>
            </basic>
            <basic name="endDate">
                <column name="end_date" nullable="false"/>
            </basic>
            <basic name="midDate">
                <column name="mid_date" nullable="false"/>
            </basic>
            <basic name="effectiveDate">
                <column name="effective_date" nullable="false"/>
            </basic>
            <basic name="deductionAmount">
                <column name="deduction_amount" nullable="false"/>
            </basic>
            <basic name="totalInterest">
                <column name="total_interest" nullable="false"/>
            </basic>
            <basic name="paymentsApplied">
                <column name="payment_applied" nullable="false"/>
            </basic>
            <basic name="balance">
                <column name="balance" nullable="false"/>
            </basic>
            <many-to-one name="periodType" target-entity="gov.opm.scrd.entities.lookup.PeriodType" fetch="LAZY">
                <join-column name="period_type_id" referenced-column-name="id" nullable="false" />
            </many-to-one>
        </attributes>
    </entity>

    <entity class="gov.opm.scrd.entities.application.Redeposit">
        <table name="redeposit"/>
        <attributes>
            <basic name="depositType">
                <column name="label" nullable="false" length="128"/>
                <enumerated>STRING</enumerated>
            </basic>
            <basic name="deposit">
                <column name="deposit" nullable="false"/>
            </basic>
            <basic name="interest">
                <column name="interest" nullable="false"/>
            </basic>
            <basic name="total">
                <column name="total" nullable="false"/>
            </basic>
        </attributes>
    </entity>

    <entity class="gov.opm.scrd.entities.application.Dedeposit">
        <table name="dedeposit"/>
        <attributes>
            <basic name="depositType">
                <column name="label" nullable="false" length="128"/>
                <enumerated>STRING</enumerated>
            </basic>
            <basic name="deposit">
                <column name="deposit" nullable="false"/>
            </basic>
            <basic name="interest">
                <column name="interest" nullable="false"/>
            </basic>
            <basic name="total">
                <column name="total" nullable="false"/>
            </basic>
        </attributes>
    </entity>

    <entity class="gov.opm.scrd.entities.application.SummaryData">
        <table name="summary_data"/>
        <attributes>
            <basic name="totalPaymentsRequired">
                <column name="total_payments_required" nullable="false"/>
            </basic>
            <basic name="totalInitialInterest">
                <column name="total_initial_interest" nullable="false"/>
            </basic>
            <basic name="totalPaymentsApplied">
                <column name="total_payments_applied" nullable="false"/>
            </basic>
            <basic name="totalBalance">
                <column name="total_balance" nullable="false"/>
            </basic>
        </attributes>
    </entity>

    <entity class="gov.opm.scrd.entities.application.PaymentReverse">
        <table name="payment_reverse"/>
        <attributes>
            <basic name="paymentId">
                <column name="payment_id" nullable="false"/>
            </basic>
            <basic name="applyToGL">
                <column name="apply_to_gl" nullable="false"/>
            </basic>
            <basic name="reverser">
                <column name="reverser" nullable="false" length="128"/>
            </basic>
            <many-to-one name="reason" target-entity="gov.opm.scrd.entities.lookup.PaymentReversalReason" fetch="LAZY">
                <join-column name="payment_reversal_reason_id" referenced-column-name="id" nullable="false" />
            </many-to-one>
        </attributes>
    </entity>

    <entity class="gov.opm.scrd.entities.application.RefundTransaction">
        <table name="refund_transaction"/>
        <attributes>
            <basic name="transactionKey">
                <column name="transaction_key" nullable="false" length="128"/>
            </basic>
            <basic name="amount">
                <column name="amount" nullable="false"/>
            </basic>
            <basic name="claimNumber">
                <column name="claim_number" nullable="false" length="128"/>
            </basic>
            <basic name="refundDate">
                <column name="refund_date" nullable="false"/>
            </basic>
            <basic name="refundUsername">
                <column name="refund_username" nullable="true" length="128"/>
            </basic>
            <many-to-one name="transferType" target-entity="gov.opm.scrd.entities.lookup.TransferType" fetch="LAZY">
                <join-column name="transfer_type_id" referenced-column-name="id" nullable="false" />
            </many-to-one>
        </attributes>
    </entity>

    <entity class="gov.opm.scrd.entities.application.AccountConfirmationValidation">
        <table name="account_confirmation_validation"/>
        <attributes>
            <basic name="accountId">
                <column name="account_id" nullable="false"/>
            </basic>
            <basic name="dataCheckStatus">
                <column name="data_check_status" nullable="false" length="128"/>
                <enumerated>STRING</enumerated>
            </basic>
            <basic name="dataCheckStatusValidator">
                <column name="data_check_status_validator" nullable="false" length="128"/>
            </basic>
            <basic name="dataCheckStatusReason">
                <column name="data_check_status_reason" nullable="false" length="128"/>
            </basic>
            <one-to-many name="entries" target-entity="gov.opm.scrd.entities.application.AccountConfirmationValidationEntry" fetch="LAZY">
                <join-column name="account_confirmation_validation_id" referenced-column-name="id" nullable="false" />
                <cascade>
                  <cascade-all/>
                </cascade>
            </one-to-many>
        </attributes>
    </entity>

    <entity class="gov.opm.scrd.entities.application.AccountConfirmationValidationEntry">
        <table name="account_confirmation_validation_entry"/>
        <attributes>
            <basic name="fieldName">
                <column name="field_name" nullable="false" length="128"/>
            </basic>
            <basic name="valid">
                <column name="valid" nullable="false"/>
            </basic>
        </attributes>
    </entity>
</entity-mappings>
