<?xml version="1.0" encoding="UTF-8" ?>
<entity-mappings xmlns="http://java.sun.com/xml/ns/persistence/orm"
    xmlns:xsi="http://www.w3.org/2001/XMLSchema-instance"
    xsi:schemaLocation="http://java.sun.com/xml/ns/persistence/orm http://java.sun.com/xml/ns/persistence/orm_2_0.xsd"
    version="1.0">
    
    <entity class="gov.opm.scrd.entities.batchprocessing.AuditBatchLogId">
        <table name="audit_batch_log_id" />
        <attributes>
            <id name="id">
                <column name="id" />
            </id>
            <basic name="auditBatchLogId">
                <column name="audit_batch_log_id" />
            </basic>
            <basic name="date">
                <column name="Date" />
            </basic>

        </attributes>
    </entity>

    <!-- Other entities goes here -->
    
</entity-mappings>
