<?xml version="1.0" encoding="UTF-8"?>  
<beans xmlns="http://www.springframework.org/schema/beans"  
    xmlns:xsi="http://www.w3.org/2001/XMLSchema-instance" xmlns:context="http://www.springframework.org/schema/context"  
    xmlns:aop="http://www.springframework.org/schema/aop" xmlns:tx="http://www.springframework.org/schema/tx"  
    xmlns:p="http://www.springframework.org/schema/p"  
    xmlns:drools="http://drools.org/schema/drools-spring"
    xsi:schemaLocation="http://www.springframework.org/schema/beans http://www.springframework.org/schema/beans/spring-beans-3.0.xsd
        http://www.springframework.org/schema/context http://www.springframework.org/schema/context/spring-context-3.0.xsd
        http://www.springframework.org/schema/tx http://www.springframework.org/schema/tx/spring-tx-3.0.xsd
        http://www.springframework.org/schema/aop http://www.springframework.org/schema/aop/spring-aop-3.0.xsd
        http://drools.org/schema/drools-spring http://anonsvn.jboss.org/repos/labs/labs/jbossrules/trunk/drools-container/drools-spring/src/main/resources/org/drools/container/spring/drools-spring-1.0.0.xsd">
        
        <context:annotation-config/>
        
        <!-- knowledgeAgent configurations -->
        <drools:kagent id="interestKnowledgeAgent" kbase="interestKnowledgeBase" new-instance="true" />
        <drools:kagent id="deductionKnowledgeAgent" kbase="deductionKnowledgeBase" new-instance="true" />

        <!-- knowledgeBase configurations for interest -->
        <drools:kbase id="interestKnowledgeBase">
            <drools:resources>
                <drools:resource type="CHANGE_SET" source="classpath:interest-change-set.xml" />
            </drools:resources>
        </drools:kbase>
        
        <!-- knowledgeBase configurations for deduction -->
        <drools:kbase id="deductionKnowledgeBase">
            <drools:resources>
                <drools:resource type="CHANGE_SET" source="classpath:deduction-change-set.xml" />
            </drools:resources>
        </drools:kbase>
        
        <!-- InterestCalculationRuleService -->
        <bean id="interestCalculationRuleService" class="gov.opm.scrd.services.impl.InterestCalculationRuleServiceImpl">
             <property name="knowledgeLogFileName" value="log/Ineterest" />
            <property name="knowledgeAgent" ref="interestKnowledgeAgent" />
        </bean>
        
        <!-- DeductionCalculationRuleServiceImpl -->
        <bean id="deductionCalculationRuleService" class="gov.opm.scrd.services.impl.DeductionCalculationRuleServiceImpl">
             <property name="knowledgeLogFileName" value="log/Deduction" />
            <property name="knowledgeAgent" ref="deductionKnowledgeAgent" />
        </bean>
        
</beans>  
