<?xml version="1.0" encoding="UTF-8"?>
<beans xmlns="http://www.springframework.org/schema/beans"
	xmlns:xsi="http://www.w3.org/2001/XMLSchema-instance"
	xmlns:aop="http://www.springframework.org/schema/aop"
	xmlns:context="http://www.springframework.org/schema/context"
	xmlns:jee="http://www.springframework.org/schema/jee"
	xmlns:p="http://www.springframework.org/schema/p"
	xmlns:tx="http://www.springframework.org/schema/tx"
	xsi:schemaLocation="http://www.springframework.org/schema/beans http://www.springframework.org/schema/beans/spring-beans-3.0.xsd
		http://www.springframework.org/schema/context http://www.springframework.org/schema/context/spring-context-3.0.xsd
		http://www.springframework.org/schema/jee http://www.springframework.org/schema/jee/spring-jee-3.0.xsd
		http://www.springframework.org/schema/tx http://www.springframework.org/schema/tx/spring-tx-3.0.xsd">

  <bean id="logger" class="org.jboss.logging.Logger" factory-method="getLogger">
  	<constructor-arg type="java.lang.String" value="@loggerName@" />
  </bean>
  
  <bean id="supervisorRoleName" class="java.lang.String">
  	<constructor-arg value="@supervisorRoleName@"/>
  </bean>
  
  <bean id="defaultPreferenceId" class="java.lang.Long">
  	<constructor-arg value="@defaultPreferenceId@"/>
  </bean>
  
  <bean id="cache" class="org.springframework.beans.factory.config.MethodInvokingFactoryBean">
    <property name="targetObject" ref="entityManagerFactory" />
    <property name="targetMethod" value="getCache" />
  </bean>
  
  <bean id="entityManagerFactory"
    class="org.springframework.orm.jpa.LocalEntityManagerFactoryBean" >
    <property name="persistenceUnitName" value="opmUnitName" />
  </bean>

	<context:annotation-config />
	<tx:annotation-driven />    
</beans> 